{
   "domain": "javaAppServer",
   "middleware": "was",
   "host": "demo-data-vm1.fyre.ibm.com",
   "assessmentUnitName": "gold-payroll.ear",
   "applicationName": "gold-payroll.ear",
   "checksum": "6d1e74203ad1b2dd86b2a3c9f8b4ac29bf5621f82cbe6cf6e050badaacc6fab9",
   "dcVersion": "",
   "binaryScannerVersion": "23.0.0.5",
   "collectionUnitType": "profile",
   "collectionUnitName": "AppSrv01",
   "isVirtual": "false",
   "rawDependencies": [
      {
         "domain": "database",
         "middleware": "db2",
         "assessmentUnitName": "${gold_payrollDs_demo_data_vm1Node01_DataSource_1701875505575_databaseName}",
         "applicationName": "${gold_payrollDs_demo_data_vm1Node01_DataSource_1701875505575_databaseName}",
         "collectionUnitType": "instance",
         "isVirtual": "false",
         "identifier": {
            "databaseName": "${gold_payrollDs_demo_data_vm1Node01_DataSource_1701875505575_databaseName}"
         }
      }
   ],
   "serverXml": {
      "server": {
         "applicationManager": {
            "autoExpand": "true"
         },
         "authData": {
            "id": "demo-data-vm1Node01/prod01AuthAlias",
            "password": "${demo_data_vm1Node01_prod01AuthAlias_password}",
            "user": "${demo_data_vm1Node01_prod01AuthAlias_user}"
         },
         "dataSource": {
            "beginTranForResultSetScrollingAPIs": "false",
            "beginTranForVendorAPIs": "false",
            "connectionManager": {
               "connectionTimeout": "180",
               "enableContainerAuthForDirectLookups": "true",
               "maxPoolSize": "10"
            },
            "containerAuthDataRef": "demo-data-vm1Node01/prod01AuthAlias",
            "heritageSettings": {
               "helperClass": "com.ibm.websphere.rsadapter.DB2UniversalDataStoreHelper",
               "replaceExceptions": "true"
            },
            "id": "gold-payrollDs_demo-data-vm1Node01_DataSource_1701875505575",
            "jdbcDriverRef": "DB2JDBC01_demo-data-vm1Node01_JDBCProvider_1678816498564",
            "jndiName": "jdbc/gold-payrollJndi",
            "properties.db2.jcc": {
               "databaseName": "${gold_payrollDs_demo_data_vm1Node01_DataSource_1701875505575_databaseName}",
               "driverType": "4",
               "portNumber": "${gold_payrollDs_demo_data_vm1Node01_DataSource_1701875505575_portNumber}",
               "serverName": "${gold_payrollDs_demo_data_vm1Node01_DataSource_1701875505575_serverName}"
            },
            "type": "javax.sql.XADataSource"
         },
         "description": "Configuration generated by binaryAppScanner",
         "featureManager": {
            "feature": [
               "appSecurity-2.0",
               "cdi-1.2",
               "ejbLite-3.2",
               "jdbc-4.1",
               "jsp-2.3",
               "ldapRegistry-3.0",
               "servlet-3.1"
            ]
         },
         "httpEndpoint": {
            "host": "${httpEndpoint_host_14}",
            "httpPort": "${httpEndpoint_port_14}",
            "httpsPort": "${httpEndpoint_secure_port_14}",
            "id": "defaultHttpEndpoint"
         },
         "jdbcDriver": {
            "id": "DB2JDBC01_demo-data-vm1Node01_JDBCProvider_1678816498564",
            "library": {
               "file": [
                  {
                     "name": "${DB2UNIVERSAL_JDBC_DRIVER_PATH}/db2jcc.jar"
                  },
                  {
                     "name": "${UNIVERSAL_JDBC_DRIVER_PATH}/db2jcc_license_cu.jar"
                  },
                  {
                     "name": "${DB2UNIVERSAL_JDBC_DRIVER_PATH}/db2jcc_license_cisuz.jar"
                  }
               ]
            }
         },
         "keyStore": [
            {
               "id": "NodeDefaultKeyStore_demo-data-vm1Node01Cell_KeyStore_demo-data-vm1Node01_1",
               "location": "${NodeDefaultKeyStore_demo_data_vm1Node01Cell_KeyStore_demo_data_vm1Node01_1_location}",
               "password": "${NodeDefaultKeyStore_demo_data_vm1Node01Cell_KeyStore_demo_data_vm1Node01_1_password}"
            },
            {
               "id": "NodeDefaultTrustStore_demo-data-vm1Node01Cell_KeyStore_demo-data-vm1Node01_2",
               "location": "${NodeDefaultTrustStore_demo_data_vm1Node01Cell_KeyStore_demo_data_vm1Node01_2_location}",
               "password": "${NodeDefaultTrustStore_demo_data_vm1Node01Cell_KeyStore_demo_data_vm1Node01_2_password}"
            }
         ],
         "ldapRegistry": {
            "baseDN": "${LDAPUserRegistry_1_demo_data_vm1Node01Cell_ldapRegistry_baseDN_14}",
            "bindDN": "${LDAPUserRegistry_1_demo_data_vm1Node01Cell_ldapRegistry_bindDN}",
            "bindPassword": "${LDAPUserRegistry_1_demo_data_vm1Node01Cell_ldapRegistry_bindPassword}",
            "customFilters": {
               "groupFilter": "(&(cn=%v)(objectclass=Group))",
               "groupMemberIdMap": "Group:member",
               "id": "LDAPUserRegistry_1_demo-data-vm1Node01Cell_customFilters",
               "userFilter": "(&(uid=%v)(objectclass=inetOrgPerson))"
            },
            "host": "${LDAPUserRegistry_1_demo_data_vm1Node01Cell_ldapRegistry_host_14}",
            "id": "LDAPUserRegistry_1_demo-data-vm1Node01Cell",
            "ldapType": "Custom",
            "port": "${LDAPUserRegistry_1_demo_data_vm1Node01Cell_ldapRegistry_port_14}",
            "realm": "9.30.189.7:10389",
            "searchTimeout": "120s"
         },
         "ssl": {
            "id": "NodeDefaultSSLSettings_demo-data-vm1Node01Cell_SSLConfig_demo-data-vm1Node01_1",
            "keyStoreRef": "NodeDefaultKeyStore_demo-data-vm1Node01Cell_KeyStore_demo-data-vm1Node01_1",
            "sslProtocol": "${NodeDefaultSSLSettings_demo_data_vm1Node01Cell_SSLConfig_demo_data_vm1Node01_1_sslProtocol}",
            "trustStoreRef": "NodeDefaultTrustStore_demo-data-vm1Node01Cell_KeyStore_demo-data-vm1Node01_2"
         },
         "sslDefault": {
            "sslRef": "NodeDefaultSSLSettings_demo-data-vm1Node01Cell_SSLConfig_demo-data-vm1Node01_1"
         },
         "transaction": {
            "propogatedOrBMTTranLifetimeTimeout": "300"
         },
         "variable": [
            {
               "defaultValue": "/opt/IBM/WebSphere/AppServer/deploytool/itp/plugins/com.ibm.datatools.db2_2.2.200.v20150728_2354/driver",
               "name": "DB2UNIVERSAL_JDBC_DRIVER_PATH"
            },
            {
               "defaultValue": "PROD01",
               "name": "gold_payrollDs_demo_data_vm1Node01_DataSource_1701875505575_databaseName"
            },
            {
               "defaultValue": "50000",
               "name": "gold_payrollDs_demo_data_vm1Node01_DataSource_1701875505575_portNumber"
            },
            {
               "defaultValue": "localhost",
               "name": "gold_payrollDs_demo_data_vm1Node01_DataSource_1701875505575_serverName"
            },
            {
               "defaultValue": "*",
               "name": "httpEndpoint_host_14"
            },
            {
               "defaultValue": "9080",
               "name": "httpEndpoint_port_14"
            },
            {
               "defaultValue": "9443",
               "name": "httpEndpoint_secure_port_14"
            },
            {
               "defaultValue": "ou=people,dc=planetexpress,dc=com",
               "name": "LDAPUserRegistry_1_demo_data_vm1Node01Cell_ldapRegistry_baseDN_14"
            },
            {
               "defaultValue": "9.30.189.7",
               "name": "LDAPUserRegistry_1_demo_data_vm1Node01Cell_ldapRegistry_host_14"
            },
            {
               "defaultValue": "10389",
               "name": "LDAPUserRegistry_1_demo_data_vm1Node01Cell_ldapRegistry_port_14"
            },
            {
               "defaultValue": "gold-payroll_ear_demo-data-vm1Node01_NodeDefaultKeyStore_key.p12",
               "name": "NodeDefaultKeyStore_demo_data_vm1Node01Cell_KeyStore_demo_data_vm1Node01_1_location"
            },
            {
               "defaultValue": "TLS",
               "name": "NodeDefaultSSLSettings_demo_data_vm1Node01Cell_SSLConfig_demo_data_vm1Node01_1_sslProtocol"
            },
            {
               "defaultValue": "gold-payroll_ear_demo-data-vm1Node01_NodeDefaultTrustStore_trust.p12",
               "name": "NodeDefaultTrustStore_demo_data_vm1Node01Cell_KeyStore_demo_data_vm1Node01_2_location"
            },
            {
               "defaultValue": "${WAS_INSTALL_ROOT}/universalDriver/lib",
               "name": "UNIVERSAL_JDBC_DRIVER_PATH"
            },
            {
               "defaultValue": "",
               "name": "demo_data_vm1Node01_prod01AuthAlias_password"
            },
            {
               "defaultValue": "",
               "name": "demo_data_vm1Node01_prod01AuthAlias_user"
            },
            {
               "defaultValue": "",
               "name": "LDAPUserRegistry_1_demo_data_vm1Node01Cell_ldapRegistry_bindDN"
            },
            {
               "defaultValue": "",
               "name": "LDAPUserRegistry_1_demo_data_vm1Node01Cell_ldapRegistry_bindPassword"
            },
            {
               "defaultValue": "",
               "name": "NodeDefaultKeyStore_demo_data_vm1Node01Cell_KeyStore_demo_data_vm1Node01_1_password"
            },
            {
               "defaultValue": "",
               "name": "NodeDefaultTrustStore_demo_data_vm1Node01Cell_KeyStore_demo_data_vm1Node01_2_password"
            }
         ],
         "webApplication": {
            "application-bnd": {
               "security-role": {
                  "name": "users",
                  "user": [
                     {
                        "name": "professor"
                     },
                     {
                        "name": "fry"
                     },
                     {
                        "name": "zoidberg"
                     },
                     {
                        "name": "hermes"
                     },
                     {
                        "name": "leela"
                     },
                     {
                        "name": "bender"
                     },
                     {
                        "name": "amy"
                     }
                  ]
               }
            },
            "contextRoot": "/gold-payroll",
            "id": "gold-payroll.ear",
            "location": "gold-payroll-1.0.0.war"
         }
      }
   }
}