{
   "domain": "javaAppServer",
   "middleware": "was",
   "host": "demo-data-vm1.fyre.ibm.com",
   "assessmentUnitName": "JaxRpcService.ear",
   "applicationName": "JaxRpcService.ear",
   "checksum": "5d0785d815ba3036cf6ea5e8592fc581ead7807cb4475b4f3e7c018d103c9fff",
   "dcVersion": "",
   "binaryScannerVersion": "23.0.0.5",
   "collectionUnitType": "profile",
   "collectionUnitName": "AppSrv01",
   "isVirtual": "false",
   "serverXml": {
      "server": {
         "applicationManager": {
            "autoExpand": "true"
         },
         "description": "Configuration generated by binaryAppScanner",
         "featureManager": {
            "feature": [
               "appSecurity-2.0",
               "jsp-2.3",
               "ldapRegistry-3.0",
               "servlet-3.1"
            ]
         },
         "httpEndpoint": {
            "host": "${httpEndpoint_host_4}",
            "httpPort": "${httpEndpoint_port_4}",
            "httpsPort": "${httpEndpoint_secure_port_4}",
            "id": "defaultHttpEndpoint"
         },
         "keyStore": [
            {
               "id": "NodeDefaultKeyStore_demo-data-vm1Node01Cell_KeyStore_demo-data-vm1Node01_1",
               "location": "${NodeDefaultKeyStore_demo_data_vm1Node01Cell_KeyStore_demo_data_vm1Node01_1_location}",
               "password": "${NodeDefaultKeyStore_demo_data_vm1Node01Cell_KeyStore_demo_data_vm1Node01_1_password}"
            },
            {
               "id": "NodeDefaultTrustStore_demo-data-vm1Node01Cell_KeyStore_demo-data-vm1Node01_2",
               "location": "${NodeDefaultTrustStore_demo_data_vm1Node01Cell_KeyStore_demo_data_vm1Node01_2_location}",
               "password": "${NodeDefaultTrustStore_demo_data_vm1Node01Cell_KeyStore_demo_data_vm1Node01_2_password}"
            }
         ],
         "ldapRegistry": {
            "baseDN": "${LDAPUserRegistry_1_demo_data_vm1Node01Cell_ldapRegistry_baseDN_4}",
            "bindDN": "${LDAPUserRegistry_1_demo_data_vm1Node01Cell_ldapRegistry_bindDN}",
            "bindPassword": "${LDAPUserRegistry_1_demo_data_vm1Node01Cell_ldapRegistry_bindPassword}",
            "customFilters": {
               "groupFilter": "(&(cn=%v)(objectclass=Group))",
               "groupMemberIdMap": "Group:member",
               "id": "LDAPUserRegistry_1_demo-data-vm1Node01Cell_customFilters",
               "userFilter": "(&(uid=%v)(objectclass=inetOrgPerson))"
            },
            "host": "${LDAPUserRegistry_1_demo_data_vm1Node01Cell_ldapRegistry_host_4}",
            "id": "LDAPUserRegistry_1_demo-data-vm1Node01Cell",
            "ldapType": "Custom",
            "port": "${LDAPUserRegistry_1_demo_data_vm1Node01Cell_ldapRegistry_port_4}",
            "realm": "9.30.189.7:10389",
            "searchTimeout": "120s"
         },
         "ssl": {
            "id": "NodeDefaultSSLSettings_demo-data-vm1Node01Cell_SSLConfig_demo-data-vm1Node01_1",
            "keyStoreRef": "NodeDefaultKeyStore_demo-data-vm1Node01Cell_KeyStore_demo-data-vm1Node01_1",
            "sslProtocol": "${NodeDefaultSSLSettings_demo_data_vm1Node01Cell_SSLConfig_demo_data_vm1Node01_1_sslProtocol}",
            "trustStoreRef": "NodeDefaultTrustStore_demo-data-vm1Node01Cell_KeyStore_demo-data-vm1Node01_2"
         },
         "sslDefault": {
            "sslRef": "NodeDefaultSSLSettings_demo-data-vm1Node01Cell_SSLConfig_demo-data-vm1Node01_1"
         },
         "transaction": {
            "propogatedOrBMTTranLifetimeTimeout": "300"
         },
         "variable": [
            {
               "defaultValue": "*",
               "name": "httpEndpoint_host_4"
            },
            {
               "defaultValue": "9080",
               "name": "httpEndpoint_port_4"
            },
            {
               "defaultValue": "9443",
               "name": "httpEndpoint_secure_port_4"
            },
            {
               "defaultValue": "ou=people,dc=planetexpress,dc=com",
               "name": "LDAPUserRegistry_1_demo_data_vm1Node01Cell_ldapRegistry_baseDN_4"
            },
            {
               "defaultValue": "9.30.189.7",
               "name": "LDAPUserRegistry_1_demo_data_vm1Node01Cell_ldapRegistry_host_4"
            },
            {
               "defaultValue": "10389",
               "name": "LDAPUserRegistry_1_demo_data_vm1Node01Cell_ldapRegistry_port_4"
            },
            {
               "defaultValue": "JaxRpcService_ear_demo-data-vm1Node01_NodeDefaultKeyStore_key.p12",
               "name": "NodeDefaultKeyStore_demo_data_vm1Node01Cell_KeyStore_demo_data_vm1Node01_1_location"
            },
            {
               "defaultValue": "TLS",
               "name": "NodeDefaultSSLSettings_demo_data_vm1Node01Cell_SSLConfig_demo_data_vm1Node01_1_sslProtocol"
            },
            {
               "defaultValue": "JaxRpcService_ear_demo-data-vm1Node01_NodeDefaultTrustStore_trust.p12",
               "name": "NodeDefaultTrustStore_demo_data_vm1Node01Cell_KeyStore_demo_data_vm1Node01_2_location"
            },
            {
               "defaultValue": "",
               "name": "LDAPUserRegistry_1_demo_data_vm1Node01Cell_ldapRegistry_bindDN"
            },
            {
               "defaultValue": "",
               "name": "LDAPUserRegistry_1_demo_data_vm1Node01Cell_ldapRegistry_bindPassword"
            },
            {
               "defaultValue": "",
               "name": "NodeDefaultKeyStore_demo_data_vm1Node01Cell_KeyStore_demo_data_vm1Node01_1_password"
            },
            {
               "defaultValue": "",
               "name": "NodeDefaultTrustStore_demo_data_vm1Node01Cell_KeyStore_demo_data_vm1Node01_2_password"
            }
         ],
         "webApplication": {
            "application-bnd": {
               "security-role": {
                  "name": "users",
                  "user": [
                     {
                        "name": "professor"
                     },
                     {
                        "name": "fry"
                     },
                     {
                        "name": "zoidberg"
                     },
                     {
                        "name": "hermes"
                     },
                     {
                        "name": "leela"
                     },
                     {
                        "name": "bender"
                     },
                     {
                        "name": "amy"
                     }
                  ]
               }
            },
            "contextRoot": "/JaxRpcService",
            "id": "JaxRpcService.ear",
            "location": "jax-rpc-test-1.0.0.war"
         }
      }
   }
}