{
   "report": "analysis",
   "version": "1.4",
   "productVersion": "23.0.0.5",
   "productRelease": "23.0.0.5",
   "buildID": "v20240203_2333",
   "options": [
      "--sourceAppServer=was90",
      "--sourceJava=ibm8",
      "--sourceJavaEE=ee7",
      "--targetAppServer=liberty",
      "--targetJava=ibm8",
      "--targetCloud=containers",
      "--includeHelpLocation",
      "--maxUserDefinedRuleResults=100",
      "--userRuleLocation=/root/datacollector/transformationadvisor-3.9.0/bin/../conf/userDefinedRules",
      "--excludePackages=ch.qos,com.cloudant,com.cognos,com.fasterxml,com.filenet,com.ibatis,com.ibm,com.informix,com.lowagie,com.mchange,com.meterware,com.microsoft,com.mongodb,com.mysql,com.sun,com.sybase,filenet,freemarker,groovy,jakarta,java,javax,net,oracle,org,sqlj,sun,twitter4j,_ibmjsp"
   ],
   "totalRulesFlagged": 4,
   "filesAffected": 7,
   "totalResults": 31,
   "severitySummary": [
      {
         "severity": "Critical",
         "severityId": "severe",
         "totalRulesFlagged": 1,
         "totalResults": 25,
         "totalRulesFlaggedWithAutomatedFix": 0,
         "totalResultsWithAutomatedFix": 0
      },
      {
         "severity": "Information",
         "severityId": "info",
         "totalRulesFlagged": 3,
         "totalResults": 6,
         "totalRulesFlaggedWithAutomatedFix": 0,
         "totalResultsWithAutomatedFix": 0
      }
   ],
   "applications": [
      "/opt/IBM/WebSphere/AppServer/profiles/AppSrv01/config/cells/demo-data-vm1Node01Cell/applications/JaxRpcClient.ear/JaxRpcClient.ear"
   ],
   "rules": [
      {
         "ruleName": "Application contains WSDL2Java generated classes",
         "ruleId": "WebSphereWebServicesGeneratedClassesRule",
         "ruleHelpLocation": "/ruleinfo/appconversion/was2liberty/WebSphereUnavailableAPIsWebServicesGeneratedClasses.html",
         "devCost": "0",
         "instanceCost": "0",
         "severity": "Information",
         "severityId": "info",
         "recipe": null,
         "alternativeRecipes": [
         ],
         "category": "WebSphere traditional to Liberty",
         "categoryId": "appconversion.was2liberty.category",
         "totalResults": 3,
         "results": [
            {
               "fileName": "JaxRpcClient.ear/jax-rpc-client-test-1.0.0.war/WEB-INF/classes/com/acme/widget/ws/CalculatorServiceInformation.class",
               "details": [
                  {
                     "reference": "Class implements",
                     "match": "com.ibm.ws.webservices.multiprotocol",
                     "lineNumber": 0
                  }
               ]
            },
            {
               "fileName": "JaxRpcClient.ear/jax-rpc-client-test-1.0.0.war/WEB-INF/classes/com/acme/widget/ws/CalculatorServiceLocator.class",
               "details": [
                  {
                     "reference": "Class implements",
                     "match": "com.ibm.ws.webservices.multiprotocol",
                     "lineNumber": 0
                  }
               ]
            },
            {
               "fileName": "JaxRpcClient.ear/jax-rpc-client-test-1.0.0.war/WEB-INF/classes/com/acme/widget/ws/CalculatorSoapBindingStub.class",
               "details": [
                  {
                     "reference": "Constructor",
                     "match": "com.ibm.ws.webservices.engine",
                     "lineNumber": 23
                  }
               ]
            }
         ],
         "referencedClasses": [
            {
               "class": "com.ibm.ws.webservices.engine.MessageContext",
               "total": 62
            },
            {
               "class": "com.ibm.ws.webservices.engine.NoEndPointException",
               "total": 8
            },
            {
               "class": "com.ibm.ws.webservices.engine.WebServicesEngine",
               "total": 10
            },
            {
               "class": "com.ibm.ws.webservices.engine.WebServicesFault",
               "total": 25
            },
            {
               "class": "com.ibm.ws.webservices.engine.client.Connection",
               "total": 10
            },
            {
               "class": "com.ibm.ws.webservices.engine.client.Service",
               "total": 6
            },
            {
               "class": "com.ibm.ws.webservices.engine.client.Stub",
               "total": 41
            },
            {
               "class": "com.ibm.ws.webservices.engine.client.Stub$Invoke",
               "total": 20
            },
            {
               "class": "com.ibm.ws.webservices.engine.description.FaultDesc",
               "total": 24
            },
            {
               "class": "com.ibm.ws.webservices.engine.description.OperationDesc",
               "total": 220
            },
            {
               "class": "com.ibm.ws.webservices.engine.description.ParameterDesc",
               "total": 160
            },
            {
               "class": "com.ibm.ws.webservices.engine.encoding.DeserializerFactory",
               "total": 1
            },
            {
               "class": "com.ibm.ws.webservices.engine.encoding.SerializerFactory",
               "total": 1
            },
            {
               "class": "com.ibm.ws.webservices.engine.encoding.TypeMapping",
               "total": 1
            },
            {
               "class": "com.ibm.ws.webservices.engine.enumtype.Style",
               "total": 24
            },
            {
               "class": "com.ibm.ws.webservices.engine.enumtype.Use",
               "total": 12
            },
            {
               "class": "com.ibm.ws.webservices.engine.utils.QNameTable",
               "total": 91
            },
            {
               "class": "com.ibm.ws.webservices.engine.xmlsoap.ext.ParamValue",
               "total": 16
            },
            {
               "class": "com.ibm.ws.webservices.multiprotocol.AgnosticService",
               "total": 2
            },
            {
               "class": "com.ibm.ws.webservices.multiprotocol.GeneratedService",
               "total": 1
            },
            {
               "class": "com.ibm.ws.webservices.multiprotocol.ServiceContext",
               "total": 10
            },
            {
               "class": "com.ibm.ws.webservices.multiprotocol.ServiceInformation",
               "total": 1
            }
         ]
      },
      {
         "ruleName": "JAX-RPC - Not valid candidate for JAX-RPC Conversion Tool",
         "ruleId": "DetectJAXRPCInvalid",
         "ruleHelpLocation": "/help/java/DetectJAXRPCInvalid.html",
         "devCost": "5",
         "instanceCost": "0",
         "severity": "Critical",
         "severityId": "severe",
         "recipe": null,
         "alternativeRecipes": [
         ],
         "category": "Java Technology Support for Liberty",
         "categoryId": "com.ibm.rrd.liberty.rules.liberty.profile.technology.ruleset",
         "totalResults": 25,
         "results": [
            {
               "fileName": "JaxRpcClient.ear/jax-rpc-client-test-1.0.0.war/WEB-INF/classes/com/acme/widget/ws/CalculatorService.class",
               "details": [
                  {
                     "reference": "Class implements",
                     "match": "javax.xml.rpc",
                     "lineNumber": 0
                  },
                  {
                     "reference": "Method getCalculator - Throws exception",
                     "match": "javax.xml.rpc",
                     "lineNumber": 0
                  }
               ]
            },
            {
               "fileName": "JaxRpcClient.ear/jax-rpc-client-test-1.0.0.war/WEB-INF/classes/com/acme/widget/ws/CalculatorServiceLocator.class",
               "details": [
                  {
                     "reference": "Method getCalculator",
                     "match": "javax.xml.rpc",
                     "lineNumber": 72
                  },
                  {
                     "reference": "Method getCalculator - Throws exception",
                     "match": "javax.xml.rpc",
                     "lineNumber": 0
                  },
                  {
                     "reference": "Method getCalls",
                     "match": "javax.xml.rpc",
                     "lineNumber": 160
                  },
                  {
                     "reference": "Method getCalls",
                     "match": "javax.xml.rpc",
                     "lineNumber": 164
                  },
                  {
                     "reference": "Method getCalls",
                     "match": "javax.xml.rpc",
                     "lineNumber": 165
                  },
                  {
                     "reference": "Method getCalls",
                     "match": "javax.xml.rpc",
                     "lineNumber": 166
                  },
                  {
                     "reference": "Method getCalls",
                     "match": "javax.xml.rpc",
                     "lineNumber": 167
                  },
                  {
                     "reference": "Method getCalls",
                     "match": "javax.xml.rpc",
                     "lineNumber": 168
                  },
                  {
                     "reference": "Method getCalls",
                     "match": "javax.xml.rpc",
                     "lineNumber": 170
                  },
                  {
                     "reference": "Method getCalls - Method return type",
                     "match": "javax.xml.rpc",
                     "lineNumber": 0
                  },
                  {
                     "reference": "Method getCalls - Throws exception",
                     "match": "javax.xml.rpc",
                     "lineNumber": 0
                  },
                  {
                     "reference": "Method getPort",
                     "match": "javax.xml.rpc",
                     "lineNumber": 98
                  },
                  {
                     "reference": "Method getPort",
                     "match": "javax.xml.rpc",
                     "lineNumber": 100
                  },
                  {
                     "reference": "Method getPort",
                     "match": "javax.xml.rpc",
                     "lineNumber": 103
                  },
                  {
                     "reference": "Method getPort",
                     "match": "javax.xml.rpc",
                     "lineNumber": 118
                  },
                  {
                     "reference": "Method getPort - Throws exception",
                     "match": "javax.xml.rpc",
                     "lineNumber": 0
                  }
               ]
            },
            {
               "fileName": "JaxRpcClient.ear/jax-rpc-client-test-1.0.0.war/WEB-INF/classes/com/acme/widget/ws/CalculatorSoapBindingStub.class",
               "details": [
                  {
                     "reference": "Constructor",
                     "match": "javax.xml.rpc",
                     "lineNumber": 18
                  },
                  {
                     "reference": "Constructor",
                     "match": "javax.xml.rpc",
                     "lineNumber": 20
                  },
                  {
                     "reference": "Constructor",
                     "match": "javax.xml.rpc",
                     "lineNumber": 22
                  },
                  {
                     "reference": "Constructor",
                     "match": "javax.xml.rpc",
                     "lineNumber": 26
                  },
                  {
                     "reference": "Constructor - Method parameter",
                     "match": "javax.xml.rpc",
                     "lineNumber": 0
                  },
                  {
                     "reference": "Method initTypeMapping",
                     "match": "javax.xml.rpc.encoding",
                     "lineNumber": 40
                  }
               ]
            },
            {
               "fileName": "JaxRpcClient.ear/jax-rpc-client-test-1.0.0.war/WEB-INF/classes/com/acme/widget/ws/WebServiceClient.class",
               "details": [
                  {
                     "reference": "Method main - Throws exception",
                     "match": "javax.xml.rpc",
                     "lineNumber": 0
                  }
               ]
            }
         ],
         "referencedClasses": [
            {
               "class": "javax.xml.rpc.Call",
               "total": 6
            },
            {
               "class": "javax.xml.rpc.Service",
               "total": 6
            },
            {
               "class": "javax.xml.rpc.ServiceException",
               "total": 18
            },
            {
               "class": "javax.xml.rpc.Stub",
               "total": 1
            },
            {
               "class": "javax.xml.rpc.encoding.TypeMapping",
               "total": 1
            }
         ]
      },
      {
         "ruleName": "Java EE security",
         "ruleId": "ApplicationSecurityRule",
         "ruleHelpLocation": "/ruleinfo/appmigration/cloud/ApplicationSecurity.html",
         "devCost": "0",
         "instanceCost": "0",
         "severity": "Information",
         "severityId": "info",
         "recipe": null,
         "alternativeRecipes": [
         ],
         "category": "Technology connectivity considerations for IBM Cloud",
         "categoryId": "appconversion.cloud.category.technology.connectivity",
         "totalResults": 1,
         "results": [
            {
               "fileName": "JaxRpcClient.ear/jax-rpc-client-test-1.0.0.war/WEB-INF/web.xml",
               "details": [
                  {
                     "reference": null,
                     "match": "security-constraint",
                     "lineNumber": 18
                  }
               ]
            }
         ]
      },
      {
         "ruleName": "Validate the URL host and port for cloud access",
         "ruleId": "URLRuleDockerCloud",
         "ruleHelpLocation": "/ruleinfo/appmigration/cloud/UrlRule.html",
         "devCost": "0",
         "instanceCost": "0",
         "severity": "Information",
         "severityId": "info",
         "recipe": null,
         "alternativeRecipes": [
         ],
         "category": "Connectivity considerations for IBM Cloud (Containers and Virtual machines)",
         "categoryId": "appconversion.cloud.category.connectivity.dockerAndWASOnCloud",
         "totalResults": 2,
         "results": [
            {
               "fileName": "JaxRpcClient.ear/jax-rpc-client-test-1.0.0.war",
               "details": [
                  {
                     "reference": "4",
                     "match": "https://demo-data-vm1.fyre.ibm.com:9443/JaxRpcService/services/Calculator",
                     "lineNumber": 0
                  },
                  {
                     "reference": "58",
                     "match": "http://ws.myeclipseide.com",
                     "lineNumber": 0
                  }
               ]
            }
         ]
      }
   ]
}